{
  "name": "fasttext-wiki",
  "stats": {
    "vocab_size": 999994,
    "vector_size": 300,
    "min_length": 1,
    "max_length": 66,
    "avg_length": 7.860332161992972,
    "std_length": 3.203134064091588,
    "percent_pad": 88.09040581516217
  },
  "counts": {
    "1": 113,
    "3": 37620,
    "2": 4455,
    "4": 87223,
    "5": 120558,
    "6": 129586,
    "9": 103192,
    "7": 131765,
    "11": 56418,
    "10": 82142,
    "8": 121476,
    "13": 27977,
    "12": 42163,
    "14": 19522,
    "16": 8512,
    "15": 12850,
    "18": 3630,
    "17": 5177,
    "19": 1976,
    "20": 1392,
    "22": 502,
    "21": 768,
    "61": 4,
    "24": 231,
    "63": 1,
    "23": 239,
    "25": 92,
    "27": 52,
    "26": 114,
    "28": 47,
    "29": 34,
    "30": 34,
    "31": 22,
    "32": 11,
    "33": 12,
    "34": 8,
    "35": 4,
    "36": 7,
    "37": 4,
    "39": 5,
    "38": 3,
    "41": 4,
    "40": 6,
    "42": 4,
    "43": 4,
    "57": 4,
    "44": 2,
    "46": 2,
    "48": 2,
    "45": 4,
    "47": 2,
    "62": 1,
    "49": 2,
    "56": 1,
    "58": 2,
    "60": 2,
    "55": 5,
    "54": 2,
    "59": 2,
    "53": 1,
    "66": 1
  }
}