{
  "name": "fasttext-crawl",
  "stats": {
    "vocab_size": 1999995,
    "vector_size": 300,
    "min_length": 1,
    "max_length": 88,
    "avg_length": 7.918883797209493,
    "std_length": 3.3274641086188472,
    "percent_pad": 91.00126841226194
  },
  "counts": {
    "1": 115,
    "3": 72620,
    "2": 4905,
    "4": 177371,
    "5": 254426,
    "6": 255463,
    "7": 252914,
    "9": 199563,
    "11": 113986,
    "8": 236576,
    "10": 172891,
    "12": 84599,
    "13": 56430,
    "14": 40499,
    "15": 25620,
    "16": 18083,
    "17": 10736,
    "18": 7875,
    "56": 29,
    "20": 3448,
    "19": 4308,
    "21": 1870,
    "53": 8,
    "24": 888,
    "22": 1652,
    "29": 150,
    "23": 830,
    "25": 417,
    "26": 398,
    "27": 214,
    "54": 16,
    "28": 239,
    "59": 13,
    "30": 153,
    "36": 42,
    "31": 99,
    "32": 97,
    "33": 76,
    "34": 45,
    "35": 33,
    "40": 16,
    "37": 24,
    "49": 8,
    "38": 19,
    "48": 7,
    "39": 20,
    "47": 9,
    "45": 13,
    "41": 16,
    "57": 22,
    "42": 19,
    "43": 14,
    "55": 25,
    "44": 9,
    "58": 21,
    "46": 6,
    "61": 6,
    "63": 9,
    "60": 15,
    "62": 6,
    "65": 4,
    "68": 2,
    "66": 1,
    "69": 2,
    "74": 1,
    "88": 1,
    "64": 3
  }
}