{
  "name": "glove.6B.100d",
  "stats": {
    "vocab_size": 400000,
    "vector_size": 100,
    "min_length": 1,
    "max_length": 68,
    "avg_length": 7.391185,
    "std_length": 2.8025566776757302,
    "percent_pad": 89.13061029411764
  },
  "counts": {
    "3": 14196,
    "1": 68,
    "2": 1470,
    "4": 31736,
    "5": 61283,
    "6": 60592,
    "7": 60924,
    "10": 28697,
    "9": 40372,
    "8": 51046,
    "13": 7475,
    "11": 18673,
    "14": 4514,
    "12": 11833,
    "15": 2636,
    "18": 642,
    "16": 1604,
    "17": 994,
    "19": 399,
    "21": 146,
    "22": 118,
    "20": 263,
    "27": 21,
    "49": 1,
    "50": 1,
    "46": 1,
    "25": 35,
    "35": 2,
    "26": 32,
    "48": 2,
    "24": 64,
    "23": 73,
    "29": 14,
    "41": 2,
    "34": 4,
    "39": 3,
    "37": 1,
    "30": 14,
    "28": 11,
    "68": 1,
    "33": 7,
    "31": 6,
    "36": 2,
    "59": 1,
    "32": 5,
    "55": 1,
    "45": 2,
    "66": 1,
    "38": 1,
    "54": 2,
    "65": 1,
    "52": 1,
    "51": 1,
    "42": 2,
    "47": 1,
    "57": 1,
    "43": 1,
    "44": 1
  }
}