{
  "name": "GoogleNews-vectors-negative300",
  "stats": {
    "vocab_size": 3000000,
    "vector_size": 300,
    "min_length": 1,
    "max_length": 98,
    "avg_length": 13.752836666666667,
    "std_length": 6.766785417250727
  },
  "counts": {
    "4": 80633,
    "2": 3286,
    "3": 28617,
    "1": 74,
    "5": 111864,
    "6": 156535,
    "7": 179569,
    "10": 165701,
    "9": 164882,
    "8": 173359,
    "11": 180226,
    "13": 187736,
    "14": 178652,
    "12": 186500,
    "16": 146167,
    "18": 112002,
    "15": 163529,
    "22": 69954,
    "19": 100434,
    "17": 126511,
    "23": 60978,
    "21": 80176,
    "36": 2489,
    "20": 89470,
    "24": 51059,
    "27": 27350,
    "31": 9828,
    "29": 16844,
    "58": 239,
    "25": 42560,
    "28": 21786,
    "42": 613,
    "26": 34082,
    "33": 5694,
    "32": 7605,
    "50": 179,
    "39": 1275,
    "30": 12841,
    "38": 1507,
    "37": 1947,
    "56": 92,
    "43": 530,
    "34": 4319,
    "40": 948,
    "60": 169,
    "45": 352,
    "35": 3280,
    "41": 814,
    "44": 447,
    "65": 292,
    "48": 205,
    "63": 320,
    "46": 305,
    "66": 241,
    "84": 2,
    "64": 264,
    "67": 249,
    "62": 201,
    "53": 129,
    "47": 260,
    "52": 136,
    "49": 178,
    "51": 138,
    "68": 166,
    "71": 75,
    "98": 28,
    "61": 129,
    "80": 7,
    "55": 99,
    "77": 26,
    "54": 113,
    "70": 113,
    "78": 35,
    "75": 52,
    "69": 121,
    "57": 106,
    "59": 62,
    "74": 47,
    "73": 44,
    "72": 62,
    "86": 1,
    "76": 34,
    "82": 9,
    "81": 6,
    "79": 21,
    "87": 2,
    "85": 2,
    "83": 1,
    "91": 3,
    "90": 2,
    "94": 3,
    "89": 1,
    "96": 2,
    "88": 2,
    "92": 2
  }
}
